cd5784f2-ce05-4109-a5ec-6a95c0562961,Janis,Aldhous,1,Grimes Inc
b766430b-a4de-4039-9b19-8e7b06e18cd3,Carolin,Billett,4,Grimes Inc
29d70529-4313-4328-9443-9780c0d6a941,Neill,Bushell,3,Grimes Inc
6c21d93e-16af-4d8f-bba6-862363c83327,Lucien,Deeble,5,Grimes Inc
f50e7d1e-3923-48e1-9c0b-013e564c1b2e,Sallyann,Freda,5,Grimes Inc
5cd6fc95-45d2-44d4-b75e-98c0c2e6b26c,Ryley,Grafhom,3,Grimes Inc
2a1a6999-146a-4e74-9770-29395c2d911b,Sisile,Heims,5,Grimes Inc
733141f4-922d-429d-bea3-fc107b05997b,Bartie,Le Frank,3,Grimes Inc
84414dc7-5589-4c2e-91ed-96702309e7ab,Lewes,Lewsam,3,Grimes Inc
9c5eee2f-8743-451d-a6a8-7020afb3188e,Fannie,O'Dennehy,5,Grimes Inc
08f2a4ab-49a7-41c2-b39b-8866e589c9b9,Inga,Pardal,2,Grimes Inc
03811d2f-1d3b-4540-9ebf-486097d1ec5b,Jone,Trillo,1,Grimes Inc
10b5265e-6702-46e9-bd9f-09f86cbcc381,Faith,Tucknott,3,Grimes Inc
a6422cbb-f711-4847-81d9-43d1826203c7,Sherye,Wallbanks,4,Grimes Inc
