89a1cc47-098f-4f8f-9cda-a23d4ad0ecb6,Templeton,Auletta,1,Ziemann-Hudson
fa210316-bf28-4f2a-8f21-44f77f80454f,Orsola,Donet,5,Ziemann-Hudson
bddf1faa-43dc-40bd-b9cd-880c4a976b2f,Alexis,Ensor,5,Ziemann-Hudson
5e47ff5c-303c-49f4-98d8-f37918e9a9da,Isaak,Fairlam,3,Ziemann-Hudson
0d7ebec0-5e0a-4610-a08c-3dd0e3e22295,Blondy,Howard - Gater,5,Ziemann-Hudson
86521451-8f5f-496f-8cbe-aa025e5d893e,Eloise,Loyns,2,Ziemann-Hudson
17f06669-b482-4330-bb8f-89cbe293fc69,Debi,Meeron,3,Ziemann-Hudson
7eeeade2-e9b0-4cc2-bfc8-12d2f109024a,Ailbert,Ovendon,2,Ziemann-Hudson
3b206450-7f08-4b62-bd41-4d37d75fef58,Obediah,Raffles,2,Ziemann-Hudson
94f38b2b-fc24-4e98-8ebc-c24c184de67b,Shannah,Shields,3,Ziemann-Hudson
f086a1f8-c128-442d-a6b8-04f4d15e6b11,Daffy,Tomini,3,Ziemann-Hudson
3874f1e0-1b7c-484d-a64f-0b517dd09a7f,Mattheus,Wolvey,5,Ziemann-Hudson
